,Report Date,PRICE:,COMPANY NAME
1,3/31/2011 0:00,263.6,INDUSIND BANK LTD
2,3/31/2012 0:00,321.65,INDUSIND BANK LTD
3,3/31/2013 0:00,404.7,INDUSIND BANK LTD
4,3/31/2014 0:00,501.85,INDUSIND BANK LTD
5,3/31/2015 0:00,886,INDUSIND BANK LTD
6,3/31/2016 0:00,967.6,INDUSIND BANK LTD
7,3/31/2017 0:00,1425.15,INDUSIND BANK LTD
8,3/31/2018 0:00,1796.75,INDUSIND BANK LTD
9,3/31/2019 0:00,1780,INDUSIND BANK LTD
10,3/31/2020 0:00,351.3,INDUSIND BANK LTD
1,3/31/2011 0:00,202.95,ICICI BANK LTD
2,3/31/2012 0:00,161.85,ICICI BANK LTD
3,3/31/2013 0:00,190.04,ICICI BANK LTD
4,3/31/2014 0:00,226.37,ICICI BANK LTD
5,3/31/2015 0:00,286.82,ICICI BANK LTD
6,3/31/2016 0:00,215.14,ICICI BANK LTD
7,3/31/2017 0:00,251.68,ICICI BANK LTD
8,3/31/2018 0:00,278.35,ICICI BANK LTD
9,3/31/2019 0:00,400.5,ICICI BANK LTD
10,3/31/2020 0:00,323.75,ICICI BANK LTD
1,3/31/2011 0:00,287.1,HINDUSTAN UNILEVER LTD
2,3/31/2012 0:00,410.05,HINDUSTAN UNILEVER LTD
3,3/31/2013 0:00,466.95,HINDUSTAN UNILEVER LTD
4,3/31/2014 0:00,605.55,HINDUSTAN UNILEVER LTD
5,3/31/2015 0:00,873.55,HINDUSTAN UNILEVER LTD
6,3/31/2016 0:00,869.5,HINDUSTAN UNILEVER LTD
7,3/31/2017 0:00,911.75,HINDUSTAN UNILEVER LTD
8,3/31/2018 0:00,1333.35,HINDUSTAN UNILEVER LTD
9,3/31/2019 0:00,1706.8,HINDUSTAN UNILEVER LTD
10,3/31/2020 0:00,2298.5,HINDUSTAN UNILEVER LTD
1,,,HERO MOTOCORP LTD
2,,,HERO MOTOCORP LTD
3,,,HERO MOTOCORP LTD
4,3/31/2014 0:00,2274.8,HERO MOTOCORP LTD
5,3/31/2015 0:00,2639.8,HERO MOTOCORP LTD
6,3/31/2016 0:00,2945.7,HERO MOTOCORP LTD
7,3/31/2017 0:00,3221.95,HERO MOTOCORP LTD
8,3/31/2018 0:00,3542.8,HERO MOTOCORP LTD
9,3/31/2019 0:00,2553.15,HERO MOTOCORP LTD
10,3/31/2020 0:00,1596.45,HERO MOTOCORP LTD
1,3/31/2011 0:00,209.15,HINDALCO INDUSTRIES LTD
2,3/31/2012 0:00,129.4,HINDALCO INDUSTRIES LTD
3,3/31/2013 0:00,91.6,HINDALCO INDUSTRIES LTD
4,3/31/2014 0:00,141.75,HINDALCO INDUSTRIES LTD
5,3/31/2015 0:00,129,HINDALCO INDUSTRIES LTD
6,3/31/2016 0:00,87.95,HINDALCO INDUSTRIES LTD
7,3/31/2017 0:00,195.05,HINDALCO INDUSTRIES LTD
8,3/31/2018 0:00,214.55,HINDALCO INDUSTRIES LTD
9,3/31/2019 0:00,205.5,HINDALCO INDUSTRIES LTD
10,3/31/2020 0:00,95.7,HINDALCO INDUSTRIES LTD
1,,,HDFC LIFE INSURANCE COMPANY LTD
2,,,HDFC LIFE INSURANCE COMPANY LTD
3,3/31/2013 0:00,,HDFC LIFE INSURANCE COMPANY LTD
4,3/31/2014 0:00,,HDFC LIFE INSURANCE COMPANY LTD
5,3/31/2015 0:00,,HDFC LIFE INSURANCE COMPANY LTD
6,3/31/2016 0:00,,HDFC LIFE INSURANCE COMPANY LTD
7,3/31/2017 0:00,,HDFC LIFE INSURANCE COMPANY LTD
8,3/31/2018 0:00,454.45,HDFC LIFE INSURANCE COMPANY LTD
9,3/31/2019 0:00,378.5,HDFC LIFE INSURANCE COMPANY LTD
10,3/31/2020 0:00,441.35,HDFC LIFE INSURANCE COMPANY LTD
1,3/31/2011 0:00,234.59,HDFC BANK LTD
2,3/31/2012 0:00,259.93,HDFC BANK LTD
3,3/31/2013 0:00,312.68,HDFC BANK LTD
4,3/31/2014 0:00,374.4,HDFC BANK LTD
5,3/31/2015 0:00,511.35,HDFC BANK LTD
6,3/31/2016 0:00,535.58,HDFC BANK LTD
7,3/31/2017 0:00,721.28,HDFC BANK LTD
8,3/31/2018 0:00,943.05,HDFC BANK LTD
9,3/31/2019 0:00,1159.45,HDFC BANK LTD
10,3/31/2020 0:00,861.9,HDFC BANK LTD
1,3/31/2011 0:00,395.27,GRASIM INDUSTRIES LTD
2,3/31/2012 0:00,422.64,GRASIM INDUSTRIES LTD
3,3/31/2013 0:00,452.61,GRASIM INDUSTRIES LTD
4,3/31/2014 0:00,464.63,GRASIM INDUSTRIES LTD
5,3/31/2015 0:00,582.77,GRASIM INDUSTRIES LTD
6,3/31/2016 0:00,618.45,GRASIM INDUSTRIES LTD
7,3/31/2017 0:00,843.82,GRASIM INDUSTRIES LTD
8,3/31/2018 0:00,1050.9,GRASIM INDUSTRIES LTD
9,3/31/2019 0:00,857.95,GRASIM INDUSTRIES LTD
10,3/31/2020 0:00,476.1,GRASIM INDUSTRIES LTD
1,3/31/2011 0:00,701.2,HOUSING DEVELOPMENT FINANCE CORPORATION LTD
2,3/31/2012 0:00,673.3,HOUSING DEVELOPMENT FINANCE CORPORATION LTD
3,3/31/2013 0:00,826.25,HOUSING DEVELOPMENT FINANCE CORPORATION LTD
4,3/31/2014 0:00,883.9,HOUSING DEVELOPMENT FINANCE CORPORATION LTD
5,3/31/2015 0:00,1315.7,HOUSING DEVELOPMENT FINANCE CORPORATION LTD
6,3/31/2016 0:00,1105.6,HOUSING DEVELOPMENT FINANCE CORPORATION LTD
7,3/31/2017 0:00,1502.1,HOUSING DEVELOPMENT FINANCE CORPORATION LTD
8,3/31/2018 0:00,1825.6,HOUSING DEVELOPMENT FINANCE CORPORATION LTD
9,3/31/2019 0:00,1968.25,HOUSING DEVELOPMENT FINANCE CORPORATION LTD
10,3/31/2020 0:00,1633.1,HOUSING DEVELOPMENT FINANCE CORPORATION LTD
1,6/30/2011 0:00,123.69,HCL TECHNOLOGIES LTD
2,6/30/2012 0:00,119.12,HCL TECHNOLOGIES LTD
3,6/30/2013 0:00,194,HCL TECHNOLOGIES LTD
4,6/30/2014 0:00,375.04,HCL TECHNOLOGIES LTD
5,6/30/2015 0:00,459.88,HCL TECHNOLOGIES LTD
6,3/31/2016 0:00,407.05,HCL TECHNOLOGIES LTD
7,3/31/2017 0:00,437.38,HCL TECHNOLOGIES LTD
8,3/31/2018 0:00,484.3,HCL TECHNOLOGIES LTD
9,3/31/2019 0:00,543.73,HCL TECHNOLOGIES LTD
10,3/31/2020 0:00,436.4,HCL TECHNOLOGIES LTD
1,3/31/2011 0:00,130.5,GAIL (INDIA) LTD
2,3/31/2012 0:00,105.83,GAIL (INDIA) LTD
3,3/31/2013 0:00,89.51,GAIL (INDIA) LTD
4,3/31/2014 0:00,105.77,GAIL (INDIA) LTD
5,3/31/2015 0:00,109.07,GAIL (INDIA) LTD
6,3/31/2016 0:00,100.24,GAIL (INDIA) LTD
7,3/31/2017 0:00,141.36,GAIL (INDIA) LTD
8,3/31/2018 0:00,164.28,GAIL (INDIA) LTD
9,3/31/2019 0:00,173.83,GAIL (INDIA) LTD
10,3/31/2020 0:00,76.55,GAIL (INDIA) LTD
1,12/31/2010 0:00,123.53,EICHER MOTORS LTD
2,12/31/2011 0:00,148.8,EICHER MOTORS LTD
3,12/31/2012 0:00,290.66,EICHER MOTORS LTD
4,12/31/2013 0:00,497.59,EICHER MOTORS LTD
5,12/31/2014 0:00,1507.5,EICHER MOTORS LTD
6,3/31/2016 0:00,1918.06,EICHER MOTORS LTD
7,3/31/2017 0:00,2558.75,EICHER MOTORS LTD
8,3/31/2018 0:00,2837.27,EICHER MOTORS LTD
9,3/31/2019 0:00,2054.77,EICHER MOTORS LTD
10,3/31/2020 0:00,1309.59,EICHER MOTORS LTD
1,3/31/2011 0:00,1639.05,DR REDDY'S LABORATORIES LTD
2,3/31/2012 0:00,1764.75,DR REDDY'S LABORATORIES LTD
3,3/31/2013 0:00,1766.5,DR REDDY'S LABORATORIES LTD
4,3/31/2014 0:00,2563.9,DR REDDY'S LABORATORIES LTD
5,3/31/2015 0:00,3488.75,DR REDDY'S LABORATORIES LTD
6,3/31/2016 0:00,3035.2,DR REDDY'S LABORATORIES LTD
7,3/31/2017 0:00,2632.35,DR REDDY'S LABORATORIES LTD
8,3/31/2018 0:00,2080.55,DR REDDY'S LABORATORIES LTD
9,3/31/2019 0:00,2780.25,DR REDDY'S LABORATORIES LTD
10,3/31/2020 0:00,3120.75,DR REDDY'S LABORATORIES LTD
1,3/31/2011 0:00,346.5,COAL INDIA LTD
2,3/31/2012 0:00,343.9,COAL INDIA LTD
3,3/31/2013 0:00,309.1,COAL INDIA LTD
4,3/31/2014 0:00,288.75,COAL INDIA LTD
5,3/31/2015 0:00,362.9,COAL INDIA LTD
6,3/31/2016 0:00,291.95,COAL INDIA LTD
7,3/31/2017 0:00,292.65,COAL INDIA LTD
8,3/31/2018 0:00,283.3,COAL INDIA LTD
9,3/31/2019 0:00,237.2,COAL INDIA LTD
10,3/31/2020 0:00,140.05,COAL INDIA LTD
1,3/31/2011 0:00,337.48,DIVI'S LABORATORIES LTD
2,3/31/2012 0:00,383.03,DIVI'S LABORATORIES LTD
3,3/31/2013 0:00,493.75,DIVI'S LABORATORIES LTD
4,3/31/2014 0:00,682.95,DIVI'S LABORATORIES LTD
5,3/31/2015 0:00,892.73,DIVI'S LABORATORIES LTD
6,3/31/2016 0:00,987.25,DIVI'S LABORATORIES LTD
7,3/31/2017 0:00,623.85,DIVI'S LABORATORIES LTD
8,3/31/2018 0:00,1090.2,DIVI'S LABORATORIES LTD
9,3/31/2019 0:00,1703.1,DIVI'S LABORATORIES LTD
10,3/31/2020 0:00,1989.05,DIVI'S LABORATORIES LTD
1,3/31/2011 0:00,321.65,CIPLA LTD
2,3/31/2012 0:00,305.1,CIPLA LTD
3,3/31/2013 0:00,379.75,CIPLA LTD
4,3/31/2014 0:00,382.8,CIPLA LTD
5,3/31/2015 0:00,712.45,CIPLA LTD
6,3/31/2016 0:00,511.95,CIPLA LTD
7,3/31/2017 0:00,592.95,CIPLA LTD
8,3/31/2018 0:00,545.45,CIPLA LTD
9,3/31/2019 0:00,528.9,CIPLA LTD
10,3/31/2020 0:00,422.85,CIPLA LTD
1,3/31/2011 0:00,328.16,BHARTI AIRTEL LTD
2,3/31/2012 0:00,310.25,BHARTI AIRTEL LTD
3,3/31/2013 0:00,267.88,BHARTI AIRTEL LTD
4,3/31/2014 0:00,291.75,BHARTI AIRTEL LTD
5,3/31/2015 0:00,361.12,BHARTI AIRTEL LTD
6,3/31/2016 0:00,322.1,BHARTI AIRTEL LTD
7,3/31/2017 0:00,321.41,BHARTI AIRTEL LTD
8,3/31/2018 0:00,366.08,BHARTI AIRTEL LTD
9,3/31/2019 0:00,305.84,BHARTI AIRTEL LTD
10,3/31/2020 0:00,440.9,BHARTI AIRTEL LTD
1,3/31/2011 0:00,515.11,BAJAJ FINSERV LTD
2,3/31/2012 0:00,600.78,BAJAJ FINSERV LTD
3,3/31/2013 0:00,771.55,BAJAJ FINSERV LTD
4,3/31/2014 0:00,788.05,BAJAJ FINSERV LTD
5,3/31/2015 0:00,1414.55,BAJAJ FINSERV LTD
6,3/31/2016 0:00,1711.1,BAJAJ FINSERV LTD
7,3/31/2017 0:00,4098.4,BAJAJ FINSERV LTD
8,3/31/2018 0:00,5171.55,BAJAJ FINSERV LTD
9,3/31/2019 0:00,7037.05,BAJAJ FINSERV LTD
10,3/31/2020 0:00,4591.2,BAJAJ FINSERV LTD
1,3/31/2011 0:00,186.25,BRITANNIA INDUSTRIES LTD
2,3/31/2012 0:00,296.5,BRITANNIA INDUSTRIES LTD
3,3/31/2013 0:00,262.48,BRITANNIA INDUSTRIES LTD
4,3/31/2014 0:00,421.7,BRITANNIA INDUSTRIES LTD
5,3/31/2015 0:00,1079.28,BRITANNIA INDUSTRIES LTD
6,3/31/2016 0:00,1343.25,BRITANNIA INDUSTRIES LTD
7,3/31/2017 0:00,1687,BRITANNIA INDUSTRIES LTD
8,3/31/2018 0:00,2485.3,BRITANNIA INDUSTRIES LTD
9,3/31/2019 0:00,3085.5,BRITANNIA INDUSTRIES LTD
10,3/31/2020 0:00,2688.95,BRITANNIA INDUSTRIES LTD
1,,,BAJAJ FINANCE LTD
2,,,BAJAJ FINANCE LTD
3,,,BAJAJ FINANCE LTD
4,,,BAJAJ FINANCE LTD
5,3/31/2015 0:00,410.85,BAJAJ FINANCE LTD
6,3/31/2016 0:00,692.42,BAJAJ FINANCE LTD
7,3/31/2017 0:00,1171.1,BAJAJ FINANCE LTD
8,3/31/2018 0:00,1767.55,BAJAJ FINANCE LTD
9,3/31/2019 0:00,3025,BAJAJ FINANCE LTD
10,3/31/2020 0:00,2215.8,BAJAJ FINANCE LTD
1,3/31/2011 0:00,101.98,BHARAT PETROLEUM CORPORATION LTD
2,3/31/2012 0:00,116.71,BHARAT PETROLEUM CORPORATION LTD
3,3/31/2013 0:00,125.9,BHARAT PETROLEUM CORPORATION LTD
4,3/31/2014 0:00,153.35,BHARAT PETROLEUM CORPORATION LTD
5,3/31/2015 0:00,270.27,BHARAT PETROLEUM CORPORATION LTD
6,3/31/2016 0:00,301.44,BHARAT PETROLEUM CORPORATION LTD
7,3/31/2017 0:00,433.23,BHARAT PETROLEUM CORPORATION LTD
8,3/31/2018 0:00,427.45,BHARAT PETROLEUM CORPORATION LTD
9,3/31/2019 0:00,397.55,BHARAT PETROLEUM CORPORATION LTD
10,3/31/2020 0:00,316.9,BHARAT PETROLEUM CORPORATION LTD
1,3/31/2011 0:00,1463.25,BAJAJ AUTO LTD
2,3/31/2012 0:00,1678.8,BAJAJ AUTO LTD
3,3/31/2013 0:00,1799.55,BAJAJ AUTO LTD
4,3/31/2014 0:00,2083.6,BAJAJ AUTO LTD
5,3/31/2015 0:00,2016.6,BAJAJ AUTO LTD
6,3/31/2016 0:00,2405.95,BAJAJ AUTO LTD
7,3/31/2017 0:00,2805.45,BAJAJ AUTO LTD
8,3/31/2018 0:00,2744.7,BAJAJ AUTO LTD
9,3/31/2019 0:00,2911.1,BAJAJ AUTO LTD
10,3/31/2020 0:00,2022.35,BAJAJ AUTO LTD
1,3/31/2011 0:00,136.65,ADANI PORTS & SPECIAL ECONOMIC ZONE LTD
2,3/31/2012 0:00,129.5,ADANI PORTS & SPECIAL ECONOMIC ZONE LTD
3,3/31/2013 0:00,138.7,ADANI PORTS & SPECIAL ECONOMIC ZONE LTD
4,3/31/2014 0:00,187.45,ADANI PORTS & SPECIAL ECONOMIC ZONE LTD
5,3/31/2015 0:00,308.2,ADANI PORTS & SPECIAL ECONOMIC ZONE LTD
6,3/31/2016 0:00,247.7,ADANI PORTS & SPECIAL ECONOMIC ZONE LTD
7,3/31/2017 0:00,339.6,ADANI PORTS & SPECIAL ECONOMIC ZONE LTD
8,3/31/2018 0:00,354.1,ADANI PORTS & SPECIAL ECONOMIC ZONE LTD
9,3/31/2019 0:00,378.15,ADANI PORTS & SPECIAL ECONOMIC ZONE LTD
10,3/31/2020 0:00,251.3,ADANI PORTS & SPECIAL ECONOMIC ZONE LTD
1,3/31/2011 0:00,252.58,ASIAN PAINTS LTD
2,3/31/2012 0:00,324.2,ASIAN PAINTS LTD
3,3/31/2013 0:00,491.73,ASIAN PAINTS LTD
4,3/31/2014 0:00,547.95,ASIAN PAINTS LTD
5,3/31/2015 0:00,811.3,ASIAN PAINTS LTD
6,3/31/2016 0:00,868.4,ASIAN PAINTS LTD
7,3/31/2017 0:00,1073.5,ASIAN PAINTS LTD
8,3/31/2018 0:00,1120.4,ASIAN PAINTS LTD
9,3/31/2019 0:00,1492.7,ASIAN PAINTS LTD
10,3/31/2020 0:00,1666.5,ASIAN PAINTS LTD
1,3/31/2011 0:00,280.77,AXIS BANK LTD
2,3/31/2012 0:00,229.24,AXIS BANK LTD
3,3/31/2013 0:00,260.14,AXIS BANK LTD
4,3/31/2014 0:00,292.1,AXIS BANK LTD
5,3/31/2015 0:00,560.2,AXIS BANK LTD
6,3/31/2016 0:00,444.15,AXIS BANK LTD
7,3/31/2017 0:00,490.8,AXIS BANK LTD
8,3/31/2018 0:00,510.5,AXIS BANK LTD
9,3/31/2019 0:00,777.25,AXIS BANK LTD
10,3/31/2020 0:00,379,AXIS BANK LTD
1,3/31/2011 0:00,1131.5,ULTRATECH CEMENT LTD
2,3/31/2012 0:00,1514.55,ULTRATECH CEMENT LTD
3,3/31/2013 0:00,1868.95,ULTRATECH CEMENT LTD
4,3/31/2014 0:00,2186.95,ULTRATECH CEMENT LTD
5,3/31/2015 0:00,2877.9,ULTRATECH CEMENT LTD
6,3/31/2016 0:00,3228.75,ULTRATECH CEMENT LTD
7,3/31/2017 0:00,3984.75,ULTRATECH CEMENT LTD
8,3/31/2018 0:00,3950,ULTRATECH CEMENT LTD
9,3/31/2019 0:00,3998.35,ULTRATECH CEMENT LTD
10,3/31/2020 0:00,3244.85,ULTRATECH CEMENT LTD
1,3/31/2011 0:00,180.58,WIPRO LTD
2,3/31/2012 0:00,165.5,WIPRO LTD
3,3/31/2013 0:00,164.39,WIPRO LTD
4,3/31/2014 0:00,203.7,WIPRO LTD
5,3/31/2015 0:00,235.82,WIPRO LTD
6,3/31/2016 0:00,211.6,WIPRO LTD
7,3/31/2017 0:00,193.39,WIPRO LTD
8,3/31/2018 0:00,210.86,WIPRO LTD
9,3/31/2019 0:00,254.8,WIPRO LTD
10,3/31/2020 0:00,196.7,WIPRO LTD
1,3/31/2011 0:00,99.63,UPL LTD
2,3/31/2012 0:00,86.73,UPL LTD
3,3/31/2013 0:00,78.27,UPL LTD
4,3/31/2014 0:00,122.97,UPL LTD
5,3/31/2015 0:00,294.77,UPL LTD
6,3/31/2016 0:00,318.47,UPL LTD
7,3/31/2017 0:00,484.6,UPL LTD
8,3/31/2018 0:00,486.83,UPL LTD
9,3/31/2019 0:00,639.23,UPL LTD
10,3/31/2020 0:00,326.5,UPL LTD
1,3/31/2011 0:00,190.54,TITAN COMPANY LTD
2,3/31/2012 0:00,228.6,TITAN COMPANY LTD
3,3/31/2013 0:00,256.5,TITAN COMPANY LTD
4,3/31/2014 0:00,262.45,TITAN COMPANY LTD
5,3/31/2015 0:00,392,TITAN COMPANY LTD
6,3/31/2016 0:00,338.8,TITAN COMPANY LTD
7,3/31/2017 0:00,462.75,TITAN COMPANY LTD
8,3/31/2018 0:00,942.3,TITAN COMPANY LTD
9,3/31/2019 0:00,1141.85,TITAN COMPANY LTD
10,3/31/2020 0:00,933.7,TITAN COMPANY LTD
1,3/31/2011 0:00,247.02,TATA MOTORS LTD
2,3/31/2012 0:00,272.33,TATA MOTORS LTD
3,3/31/2013 0:00,266.3,TATA MOTORS LTD
4,3/31/2014 0:00,394.42,TATA MOTORS LTD
5,3/31/2015 0:00,544.37,TATA MOTORS LTD
6,3/31/2016 0:00,386.6,TATA MOTORS LTD
7,3/31/2017 0:00,465.85,TATA MOTORS LTD
8,3/31/2018 0:00,326.85,TATA MOTORS LTD
9,3/31/2019 0:00,174.25,TATA MOTORS LTD
10,3/31/2020 0:00,71.05,TATA MOTORS LTD
1,3/31/2011 0:00,591.95,TATA CONSULTANCY SERVICES LTD
2,3/31/2012 0:00,584.4,TATA CONSULTANCY SERVICES LTD
3,3/31/2013 0:00,787.88,TATA CONSULTANCY SERVICES LTD
4,3/31/2014 0:00,1066.58,TATA CONSULTANCY SERVICES LTD
5,3/31/2015 0:00,1276.98,TATA CONSULTANCY SERVICES LTD
6,3/31/2016 0:00,1260.15,TATA CONSULTANCY SERVICES LTD
7,3/31/2017 0:00,1215.9,TATA CONSULTANCY SERVICES LTD
8,3/31/2018 0:00,1424.58,TATA CONSULTANCY SERVICES LTD
9,3/31/2019 0:00,2001.65,TATA CONSULTANCY SERVICES LTD
10,3/31/2020 0:00,1826.1,TATA CONSULTANCY SERVICES LTD
1,3/31/2011 0:00,169.04,TECH MAHINDRA LTD
2,3/31/2012 0:00,180.19,TECH MAHINDRA LTD
3,3/31/2013 0:00,264.88,TECH MAHINDRA LTD
4,3/31/2014 0:00,448.84,TECH MAHINDRA LTD
5,3/31/2015 0:00,629.7,TECH MAHINDRA LTD
6,3/31/2016 0:00,474.95,TECH MAHINDRA LTD
7,3/31/2017 0:00,459.15,TECH MAHINDRA LTD
8,3/31/2018 0:00,638.7,TECH MAHINDRA LTD
9,3/31/2019 0:00,775.9,TECH MAHINDRA LTD
10,3/31/2020 0:00,565.5,TECH MAHINDRA LTD
1,3/31/2011 0:00,,SBI LIFE INSURANCE COMPANY LTD
2,3/31/2012 0:00,,SBI LIFE INSURANCE COMPANY LTD
3,3/31/2013 0:00,,SBI LIFE INSURANCE COMPANY LTD
4,3/31/2014 0:00,,SBI LIFE INSURANCE COMPANY LTD
5,3/31/2015 0:00,,SBI LIFE INSURANCE COMPANY LTD
6,3/31/2016 0:00,,SBI LIFE INSURANCE COMPANY LTD
7,3/31/2017 0:00,,SBI LIFE INSURANCE COMPANY LTD
8,3/31/2018 0:00,678.25,SBI LIFE INSURANCE COMPANY LTD
9,3/31/2019 0:00,583.4,SBI LIFE INSURANCE COMPANY LTD
10,3/31/2020 0:00,641,SBI LIFE INSURANCE COMPANY LTD
1,3/31/2011 0:00,592.84,TATA STEEL LTD
2,3/31/2012 0:00,449.45,TATA STEEL LTD
3,3/31/2013 0:00,298.06,TATA STEEL LTD
4,3/31/2014 0:00,375.33,TATA STEEL LTD
5,3/31/2015 0:00,301.78,TATA STEEL LTD
6,3/31/2016 0:00,304.59,TATA STEEL LTD
7,3/31/2017 0:00,459.89,TATA STEEL LTD
8,3/31/2018 0:00,571.05,TATA STEEL LTD
9,3/31/2019 0:00,521,TATA STEEL LTD
10,3/31/2020 0:00,269.6,TATA STEEL LTD
1,3/31/2011 0:00,276.53,STATE BANK OF INDIA
2,3/31/2012 0:00,209.64,STATE BANK OF INDIA
3,3/31/2013 0:00,207.28,STATE BANK OF INDIA
4,3/31/2014 0:00,191.77,STATE BANK OF INDIA
5,3/31/2015 0:00,267.05,STATE BANK OF INDIA
6,3/31/2016 0:00,194.25,STATE BANK OF INDIA
7,3/31/2017 0:00,293.4,STATE BANK OF INDIA
8,3/31/2018 0:00,249.9,STATE BANK OF INDIA
9,3/31/2019 0:00,320.75,STATE BANK OF INDIA
10,3/31/2020 0:00,196.85,STATE BANK OF INDIA
1,3/31/2011 0:00,221.25,SUN PHARMACEUTICALS INDUSTRIES LTD
2,3/31/2012 0:00,284.98,SUN PHARMACEUTICALS INDUSTRIES LTD
3,3/31/2013 0:00,409.48,SUN PHARMACEUTICALS INDUSTRIES LTD
4,3/31/2014 0:00,574.75,SUN PHARMACEUTICALS INDUSTRIES LTD
5,3/31/2015 0:00,1023.9,SUN PHARMACEUTICALS INDUSTRIES LTD
6,3/31/2016 0:00,820,SUN PHARMACEUTICALS INDUSTRIES LTD
7,3/31/2017 0:00,688.15,SUN PHARMACEUTICALS INDUSTRIES LTD
8,3/31/2018 0:00,495.1,SUN PHARMACEUTICALS INDUSTRIES LTD
9,3/31/2019 0:00,478.85,SUN PHARMACEUTICALS INDUSTRIES LTD
10,3/31/2020 0:00,352.3,SUN PHARMACEUTICALS INDUSTRIES LTD
1,,,SHREE CEMENT LTD
2,,,SHREE CEMENT LTD
3,6/30/2013 0:00,4667.2,SHREE CEMENT LTD
4,6/30/2014 0:00,7204.05,SHREE CEMENT LTD
5,6/30/2015 0:00,11341.05,SHREE CEMENT LTD
6,3/31/2016 0:00,12420.5,SHREE CEMENT LTD
7,3/31/2017 0:00,17083.2,SHREE CEMENT LTD
8,3/31/2018 0:00,16196.45,SHREE CEMENT LTD
9,3/31/2019 0:00,18667.65,SHREE CEMENT LTD
10,3/31/2020 0:00,17546.35,SHREE CEMENT LTD
1,3/31/2011 0:00,519.63,RELIANCE INDUSTRIES LTD
2,3/31/2012 0:00,371.78,RELIANCE INDUSTRIES LTD
3,3/31/2013 0:00,382.82,RELIANCE INDUSTRIES LTD
4,3/31/2014 0:00,461.01,RELIANCE INDUSTRIES LTD
5,3/31/2015 0:00,409.12,RELIANCE INDUSTRIES LTD
6,3/31/2016 0:00,517.7,RELIANCE INDUSTRIES LTD
7,3/31/2017 0:00,654.25,RELIANCE INDUSTRIES LTD
8,3/31/2018 0:00,874.41,RELIANCE INDUSTRIES LTD
9,3/31/2019 0:00,1350.45,RELIANCE INDUSTRIES LTD
10,3/31/2020 0:00,1103.29,RELIANCE INDUSTRIES LTD
1,3/31/2011 0:00,101.9,POWER GRID CORPORATION OF INDIA LTD
2,3/31/2012 0:00,108.15,POWER GRID CORPORATION OF INDIA LTD
3,3/31/2013 0:00,105.8,POWER GRID CORPORATION OF INDIA LTD
4,3/31/2014 0:00,105,POWER GRID CORPORATION OF INDIA LTD
5,3/31/2015 0:00,145.25,POWER GRID CORPORATION OF INDIA LTD
6,3/31/2016 0:00,139.1,POWER GRID CORPORATION OF INDIA LTD
7,3/31/2017 0:00,197.3,POWER GRID CORPORATION OF INDIA LTD
8,3/31/2018 0:00,193.25,POWER GRID CORPORATION OF INDIA LTD
9,3/31/2019 0:00,197.9,POWER GRID CORPORATION OF INDIA LTD
10,3/31/2020 0:00,159.1,POWER GRID CORPORATION OF INDIA LTD
1,3/31/2011 0:00,194.2,OIL & NATURAL GAS CORPN LTD
2,3/31/2012 0:00,178.9,OIL & NATURAL GAS CORPN LTD
3,3/31/2013 0:00,207.6,OIL & NATURAL GAS CORPN LTD
4,3/31/2014 0:00,212.47,OIL & NATURAL GAS CORPN LTD
5,3/31/2015 0:00,204.23,OIL & NATURAL GAS CORPN LTD
6,3/31/2016 0:00,142.73,OIL & NATURAL GAS CORPN LTD
7,3/31/2017 0:00,185,OIL & NATURAL GAS CORPN LTD
8,3/31/2018 0:00,177.8,OIL & NATURAL GAS CORPN LTD
9,3/31/2019 0:00,159.75,OIL & NATURAL GAS CORPN LTD
10,3/31/2020 0:00,68.3,OIL & NATURAL GAS CORPN LTD
1,3/31/2011 0:00,160.92,NTPC LTD
2,3/31/2012 0:00,135.62,NTPC LTD
3,3/31/2013 0:00,118.29,NTPC LTD
4,3/31/2014 0:00,99.92,NTPC LTD
5,3/31/2015 0:00,122.37,NTPC LTD
6,3/31/2016 0:00,107.37,NTPC LTD
7,3/31/2017 0:00,138.33,NTPC LTD
8,3/31/2018 0:00,141.42,NTPC LTD
9,3/31/2019 0:00,134.7,NTPC LTD
10,3/31/2020 0:00,84.2,NTPC LTD
1,12/31/2011 0:00,4094.85,NESTLE INDIA LTD
2,12/31/2012 0:00,4992.3,NESTLE INDIA LTD
3,12/31/2013 0:00,5289.25,NESTLE INDIA LTD
4,12/31/2014 0:00,6384.85,NESTLE INDIA LTD
5,12/31/2015 0:00,5828,NESTLE INDIA LTD
6,12/31/2016 0:00,6028.35,NESTLE INDIA LTD
7,12/31/2017 0:00,7870.9,NESTLE INDIA LTD
8,12/31/2018 0:00,11084.85,NESTLE INDIA LTD
9,12/31/2019 0:00,14785.35,NESTLE INDIA LTD
10,12/31/2020 0:00,18390.25,NESTLE INDIA LTD
1,3/31/2011 0:00,1262.15,MARUTI SUZUKI INDIA LTD
2,3/31/2012 0:00,1350.5,MARUTI SUZUKI INDIA LTD
3,3/31/2013 0:00,1281.2,MARUTI SUZUKI INDIA LTD
4,3/31/2014 0:00,1971.75,MARUTI SUZUKI INDIA LTD
5,3/31/2015 0:00,3697.35,MARUTI SUZUKI INDIA LTD
6,3/31/2016 0:00,3716.3,MARUTI SUZUKI INDIA LTD
7,3/31/2017 0:00,6015.7,MARUTI SUZUKI INDIA LTD
8,3/31/2018 0:00,8861.1,MARUTI SUZUKI INDIA LTD
9,3/31/2019 0:00,6672.55,MARUTI SUZUKI INDIA LTD
10,3/31/2020 0:00,4288.3,MARUTI SUZUKI INDIA LTD
1,3/31/2011 0:00,91.63,JSW STEEL LTD
2,3/31/2012 0:00,72.15,JSW STEEL LTD
3,3/31/2013 0:00,67.24,JSW STEEL LTD
4,3/31/2014 0:00,103.61,JSW STEEL LTD
5,3/31/2015 0:00,90.66,JSW STEEL LTD
6,3/31/2016 0:00,128.33,JSW STEEL LTD
7,3/31/2017 0:00,188.2,JSW STEEL LTD
8,3/31/2018 0:00,288.15,JSW STEEL LTD
9,3/31/2019 0:00,293.05,JSW STEEL LTD
10,3/31/2020 0:00,146.25,JSW STEEL LTD
1,3/31/2011 0:00,734.18,LARSEN & TOUBRO LTD
2,3/31/2012 0:00,581.78,LARSEN & TOUBRO LTD
3,3/31/2013 0:00,607.2,LARSEN & TOUBRO LTD
4,3/31/2014 0:00,847.93,LARSEN & TOUBRO LTD
5,3/31/2015 0:00,1146.43,LARSEN & TOUBRO LTD
6,3/31/2016 0:00,811.13,LARSEN & TOUBRO LTD
7,3/31/2017 0:00,1049.93,LARSEN & TOUBRO LTD
8,3/31/2018 0:00,1310.9,LARSEN & TOUBRO LTD
9,3/31/2019 0:00,1385.3,LARSEN & TOUBRO LTD
10,3/31/2020 0:00,808.5,LARSEN & TOUBRO LTD
1,3/31/2011 0:00,350.18,MAHINDRA & MAHINDRA LTD
2,3/31/2012 0:00,350.1,MAHINDRA & MAHINDRA LTD
3,3/31/2013 0:00,430.65,MAHINDRA & MAHINDRA LTD
4,3/31/2014 0:00,490.35,MAHINDRA & MAHINDRA LTD
5,3/31/2015 0:00,593.9,MAHINDRA & MAHINDRA LTD
6,3/31/2016 0:00,605.35,MAHINDRA & MAHINDRA LTD
7,3/31/2017 0:00,643.45,MAHINDRA & MAHINDRA LTD
8,3/31/2018 0:00,738.9,MAHINDRA & MAHINDRA LTD
9,3/31/2019 0:00,673.9,MAHINDRA & MAHINDRA LTD
10,3/31/2020 0:00,284.95,MAHINDRA & MAHINDRA LTD
1,3/31/2011 0:00,228.93,KOTAK MAHINDRA BANK LTD
2,3/31/2012 0:00,272.68,KOTAK MAHINDRA BANK LTD
3,3/31/2013 0:00,326.5,KOTAK MAHINDRA BANK LTD
4,3/31/2014 0:00,390.53,KOTAK MAHINDRA BANK LTD
5,3/31/2015 0:00,656.63,KOTAK MAHINDRA BANK LTD
6,3/31/2016 0:00,680.65,KOTAK MAHINDRA BANK LTD
7,3/31/2017 0:00,872.2,KOTAK MAHINDRA BANK LTD
8,3/31/2018 0:00,1047.8,KOTAK MAHINDRA BANK LTD
9,3/31/2019 0:00,1334.5,KOTAK MAHINDRA BANK LTD
10,3/31/2020 0:00,1296.05,KOTAK MAHINDRA BANK LTD
1,3/31/2011 0:00,121.4,ITC LTD
2,3/31/2012 0:00,151.27,ITC LTD
3,3/31/2013 0:00,206.3,ITC LTD
4,3/31/2014 0:00,235.23,ITC LTD
5,3/31/2015 0:00,217.23,ITC LTD
6,3/31/2016 0:00,218.83,ITC LTD
7,3/31/2017 0:00,280.3,ITC LTD
8,3/31/2018 0:00,255.5,ITC LTD
9,3/31/2019 0:00,297.25,ITC LTD
10,3/31/2020 0:00,171.7,ITC LTD
1,3/31/2011 0:00,405.17,INFOSYS LTD
2,3/31/2012 0:00,358.29,INFOSYS LTD
3,3/31/2013 0:00,361.17,INFOSYS LTD
4,3/31/2014 0:00,410.35,INFOSYS LTD
5,3/31/2015 0:00,554.59,INFOSYS LTD
6,3/31/2016 0:00,609.15,INFOSYS LTD
7,3/31/2017 0:00,511.13,INFOSYS LTD
8,3/31/2018 0:00,565.9,INFOSYS LTD
9,3/31/2019 0:00,743.85,INFOSYS LTD
10,3/31/2020 0:00,641.5,INFOSYS LTD
1,3/31/2011 0:00,83.22,INDIAN OIL CORPORATION LTD
2,3/31/2012 0:00,65.68,INDIAN OIL CORPORATION LTD
3,3/31/2013 0:00,70.4,INDIAN OIL CORPORATION LTD
4,3/31/2014 0:00,70.42,INDIAN OIL CORPORATION LTD
5,3/31/2015 0:00,92.17,INDIAN OIL CORPORATION LTD
6,3/31/2016 0:00,98.4,INDIAN OIL CORPORATION LTD
7,3/31/2017 0:00,193.53,INDIAN OIL CORPORATION LTD
8,3/31/2018 0:00,176.6,INDIAN OIL CORPORATION LTD
9,3/31/2019 0:00,162.85,INDIAN OIL CORPORATION LTD
10,3/31/2020 0:00,81.65,INDIAN OIL CORPORATION LTD
